{
    "Role": "DevOps Consultant",
    "Description":"A DevOps Consultant is responsible for helping organizations optimize their software delivery processes and adopt DevOps principles and practices. This involves working closely with development, operations, and business teams to streamline the software delivery lifecycle, from planning and development to testing, deployment, and monitoring.",
    "Skills": {
        "Required": [
            {
                "SkillName": "DevOps Methodologies",
                "SkillDescription": "Deep understanding of DevOps methodologies and practices, and ability to guide organizations in implementing and optimizing these practices",
                "SkillLevel": "Expert"
            },
            {
                "SkillName": "Continuous Integration and Delivery",
                "SkillDescription": "Expertise in continuous integration and delivery processes, and the ability to implement and manage these processes for both on-premise and cloud-based applications",
                "SkillLevel": "Expert"
            },
            {
                "SkillName": "Cloud Infrastructure",
                "SkillDescription": "Hands-on experience with public cloud infrastructure, including AWS, Azure or Google Cloud Platform, and ability to manage and operate infrastructure as code using tools such as Terraform",
                "SkillLevel": "Expert"
            },
            {
                "SkillName": "DevOps Toolchain",
                "SkillDescription": "Expertise in DevOps toolchain, including build automation, configuration management, version control, continuous integration, and deployment automation tools",
                "SkillLevel": "Expert"
            },
            {
                "SkillName": "Agile Methodologies",
                "SkillDescription": "Strong understanding of Agile methodologies, and the ability to implement and manage these practices for DevOps processes",
                "SkillLevel": "Competent"
            }
        ],
        "Recommended": [
            {
                "SkillName": "Infrastructure as Code",
                "SkillDescription": "Understanding of Infrastructure as Code (IaC) principles and experience using tools such as Terraform and CloudFormation",
                "SkillLevel": "Emergent"
            },
            {
                "SkillName": "Containers and Orchestration",
                "SkillDescription": "Hands-on experience with containers and container orchestration technologies such as Docker and Kubernetes",
                "SkillLevel": "Emergent"
            },
            {
                "SkillName": "Monitoring and Logging",
                "SkillDescription": "Experience with monitoring and logging tools such as Splunk, ELK Stack, and Prometheus",
                "SkillLevel": "Emergent"
            },
            {
                "SkillName": "Security",
                "SkillDescription": "Understanding of security best practices and experience implementing security controls for DevOps processes and tools",
                "SkillLevel": "Emergent"
            },
            {
                "SkillName": "Collaboration",
                "SkillDescription": "Ability to collaborate effectively with development, testing, and operations teams, and to facilitate effective communication and knowledge sharing",
                "SkillLevel": "Competent"
            },
            {
                "SkillName": "Project Management",
                "SkillDescription": "Understanding of project management principles, and the ability to manage DevOps projects and programs",
                "SkillLevel": "Competent"
            },
            {
                "SkillName": "Communication",
                "SkillDescription": "Strong communication skills, including the ability to communicate effectively with technical and non-technical stakeholders at all levels of the organization",
                "SkillLevel": "Competent"
            },
            {
                "SkillName": "Leadership",
                "SkillDescription": "Ability to provide leadership and mentorship to team members, and to create a culture of innovation and continuous improvement",
                "SkillLevel": "Lead"
            },
            {
                "SkillName": "Strategic Planning",
                "SkillDescription": "Ability to develop and execute strategic plans for DevOps processes and tools, and to align these plans with the goals and objectives of the organization",
                "SkillLevel": "Lead"
            },
            {
                "SkillName": "Automation and Scripting",
                "SkillDescription": "Ability to automate tasks and write scripts using languages such as Python, Ruby, and Bash, and to optimize existing scripts and automation tools",
                "SkillLevel": "Lead"
            },
            {
                "SkillName": "Team Management",
                "SkillDescription": "Ability to manage and lead teams of developers, engineers, and other technical personnel",
                "SkillLevel": "Competent"
            },
            {
                "SkillName": "Continuous Improvement",
                "SkillDescription": "Ability to drive continuous improvement for DevOps processes and tools, and to identify opportunities for optimization and efficiency gains",
                "SkillLevel": "Competent"
            },
            {
                "SkillName": "Vendor Management",
                "SkillDescription": "Ability to manage vendor relationships and to evaluate and select vendor solutions that meet the needs of the organization",
                "SkillLevel": "Competent"
            }
        ]
    }
}
