{
    "Role": "Product Owner (PO)",
    "Description":"A Product Owner (PO) is responsible for defining, prioritizing, and communicating the product vision and strategy to the development team. The PO acts as the voice of the customer, gathering and analyzing customer feedback and market trends to determine what features and functionality the product should have.",
    "Skills": {
        "Required": [
            {
                "SkillName": "Product Management",
                "SkillDescription": "Experience in product management, and the ability to define and manage the product vision, roadmap, and backlog",
                "SkillLevel": "Expert"
            },
            {
                "SkillName": "Agile Methodologies",
                "SkillDescription": "Strong understanding of Agile methodologies and experience in implementing and managing these practices at the team level",
                "SkillLevel": "Expert"
            },
            {
                "SkillName": "User and Customer Needs Analysis",
                "SkillDescription": "Ability to identify and analyze user and customer needs, and to translate these needs into product features and requirements",
                "SkillLevel": "Competent"
            },
            {
                "SkillName": "Product Backlog Management",
                "SkillDescription": "Ability to manage the product backlog, prioritize product features, and collaborate with Agile teams to deliver value to customers",
                "SkillLevel": "Competent"
            },
            {
                "SkillName": "Stakeholder Management",
                "SkillDescription": "Ability to identify and manage stakeholders, and to ensure that their needs are reflected in the product backlog and prioritization",
                "SkillLevel": "Competent"
            }
        ],
        "Recommended": [
            {
                "SkillName": "Relevant Certification",
                "SkillDescription": "Certification in Agile methodologies, such as Certified Scrum Product Owner (CSPO) or PMI Agile Certified Practitioner (PMI-ACP)",
                "SkillLevel": "Competent"
            },
            {
                "SkillName": "Business Acumen",
                "SkillDescription": "Understanding of business concepts and the ability to align product development with business objectives and priorities",
                "SkillLevel": "Emergent"
            },
            {
                "SkillName": "Technical Knowledge",
                "SkillDescription": "Understanding of technical concepts and the ability to communicate effectively with technical team members and stakeholders",
                "SkillLevel": "Emergent"
            },
            {
                "SkillName": "Market Analysis",
                "SkillDescription": "Ability to analyze market trends and competition, and to use this information to inform product strategy and development",
                "SkillLevel": "Emergent"
            },
            {
                "SkillName": "Risk Management",
                "SkillDescription": "Understanding of risk management principles and techniques, and the ability to identify and mitigate potential risks associated with product development",
                "SkillLevel": "Emergent"
            },
            {
                "SkillName": "Data Analysis",
                "SkillDescription": "Ability to analyze data and metrics related to product performance and customer feedback, and to use this information to improve product development and strategy",
                "SkillLevel": "Emergent"
            },
            {
                "SkillName": "User Experience (UX) Design",
                "SkillDescription": "Understanding of User Experience (UX) design principles and the ability to work effectively with UX designers to improve the user experience of products and applications",
                "SkillLevel": "Emergent"
            },
            {
                "SkillName": "Data Science",
                "SkillDescription": "Understanding of data science concepts and the ability to work effectively with data scientists to improve the data-driven decision-making of product development teams and stakeholders",
                "SkillLevel": "Emergent"
            },
            {
                "SkillName": "Product Marketing",
                "SkillDescription": "Understanding of product marketing principles and techniques, and the ability to effectively market and position products to target customers and markets",
                "SkillLevel": "Emergent"
            },
            {
                "SkillName": "Value Proposition Development",
                "SkillDescription": "Ability to develop and communicate a clear and compelling value proposition for the product, and to use this to guide product development and marketing efforts",
                "SkillLevel": "Emergent"
            },
            {
                "SkillName": "Product Development",
                "SkillDescription": "Experience in product development, and the ability to work effectively with Agile development teams to deliver high-quality products",
                "SkillLevel": "Lead"
            },
            {
                "SkillName": "Product Ownership",
                "SkillDescription": "Experience in owning and managing products through their entire lifecycle, from ideation to release and maintenance",
                "SkillLevel": "Lead"
            },
            {
                "SkillName": "Product Line Management",
                "SkillDescription": "Experience in managing a product line, and the ability to develop and implement product line strategies that maximize revenue and profitability",
                "SkillLevel": "Lead"
            },
            {
                "SkillName": "Lean Startup",
                "SkillDescription": "Understanding of Lean Startup principles and techniques, and the ability to use these to validate product ideas and to iteratively develop and refine products",
                "SkillLevel": "Lead"
            },
            {
                "SkillName": "Competitive Analysis",
                "SkillDescription": "Ability to conduct competitive analysis and to use this information to inform product strategy and development",
                "SkillLevel": "Lead"
            },
            {
                "SkillName": "Roadmap Planning",
                "SkillDescription": "Ability to develop and communicate a product roadmap, and to use this to guide product development and to align product development with strategic objectives",
                "SkillLevel": "Lead"
            },
            {
                "SkillName": "Product Vision",
                "SkillDescription": "Ability to develop and communicate a clear and compelling product vision, and to use this to guide product development and to align product development with strategic objectives",
                "SkillLevel": "Lead"
            }
        ]
    }
}
