{
    "Role": "Tech Lead",
    "Description":"A tech lead is a technical expert who leads a team of developers and engineers in the development of software and technology products. They are responsible for overseeing the technical aspects of a project, ensuring that development standards and best practices are followed, and providing guidance to team members to ensure timely delivery of high-quality software products. A tech lead must have strong technical skills, as well as excellent leadership, communication, and problem-solving abilities. They work closely with the project manager and business stakeholders to ensure that the technical goals of the project are aligned with the overall business objectives.",
    "Skills": {
        "Required": [
            {
                "SkillName": "Technical Leadership",
                "SkillDescription": "Experience in leading technical teams and managing complex technical projects",
                "SkillLevel": "Expert"
            },
            {
                "SkillName": "Software Architecture",
                "SkillDescription": "Strong understanding of software architecture principles and experience in designing and implementing scalable, maintainable, and high-performance software systems",
                "SkillLevel": "Expert"
            },
            {
                "SkillName": "Programming Languages",
                "SkillDescription": "Expertise in at least one programming language, and the ability to learn new programming languages quickly",
                "SkillLevel": "Expert"
            },
            {
                "SkillName": "Database Management",
                "SkillDescription": "Experience in database management and the ability to design and optimize database systems",
                "SkillLevel": "Expert"
            },
            {
                "SkillName": "System Integration",
                "SkillDescription": "Experience in system integration, including the ability to integrate disparate systems and applications",
                "SkillLevel": "Expert"
            },
            {
                "SkillName": "Cloud Computing",
                "SkillDescription": "Experience in cloud computing technologies, including the ability to design and implement cloud-based solutions",
                "SkillLevel": "Competent"
            },
            {
                "SkillName": "DevOps",
                "SkillDescription": "Experience in DevOps practices and the ability to design and manage continuous integration and deployment (CI/CD) pipelines",
                "SkillLevel": "Competent"
            }
        ],
        "Recommended": [
            {
                "SkillName": "Agile and Scrum Methodologies",
                "SkillDescription": "Strong understanding of Agile and Scrum methodologies and experience in implementing and managing these practices",
                "SkillLevel": "Competent"
            },
            {
                "SkillName": "Relevant Degree",
                "SkillDescription": "A bachelors or masters degree in computer science, engineering, or a related field",
                "SkillLevel": "Competent"
            },
            {
                "SkillName": "Team Management",
                "SkillDescription": "Experience in managing and leading technical teams, and the ability to mentor and coach team members",
                "SkillLevel": "Expert"
            },
            {
                "SkillName": "Artificial Intelligence (AI)",
                "SkillDescription": "Knowledge of artificial intelligence (AI) techniques, such as machine learning, natural language processing, and computer vision, and the ability to apply these techniques to solve business problems",
                "SkillLevel": "Emergent"
            },
            {
                "SkillName": "Big Data",
                "SkillDescription": "Experience in big data technologies, such as Hadoop, Spark, and NoSQL databases, and the ability to use these technologies to analyze and process large volumes of data",
                "SkillLevel": "Emergent"
            },
            {
                "SkillName": "Blockchain",
                "SkillDescription": "Knowledge of blockchain technology, including understanding of smart contracts and distributed ledgers, and experience in applying this technology to business problems",
                "SkillLevel": "Emergent"
            },
            {
                "SkillName": "Cybersecurity",
                "SkillDescription": "Knowledge of cybersecurity principles and the ability to identify and mitigate potential security risks associated with software and systems",
                "SkillLevel": "Emergent"
            },
            {
                "SkillName": "Internet of Things (IoT)",
                "SkillDescription": "Knowledge of Internet of Things (IoT) technologies, and the ability to design and implement IoT solutions",
                "SkillLevel": "Emergent"
            },
            {
                "SkillName": "Microservices",
                "SkillDescription": "Experience in designing and implementing microservices architectures, and knowledge of tools and techniques for managing microservices",
                "SkillLevel": "Emergent"
            },
            {
                "SkillName": "Mobile Development",
                "SkillDescription": "Experience in mobile development, including the ability to design and develop mobile applications for iOS and Android platforms",
                "SkillLevel": "Emergent"
            },
            {
                "SkillName": "Product Management",
                "SkillDescription": "Experience in product management, including the ability to identify customer needs and translate them into product requirements",
                "SkillLevel": "Emergent"
            },
            {
                "SkillName": "UX Design",
                "SkillDescription": "Experience in UX design, including user research, wireframing, and prototyping, and the ability to design user-centered interfaces and applications",
                "SkillLevel": "Emergent"
            },
            {
                "SkillName": "Data Science",
                "SkillDescription": "Experience in data science techniques, such as machine learning, statistical analysis, and data mining, and the ability to apply these techniques to solve business problems",
                "SkillLevel": "Emergent"
            }
        ]
    }
}
